<?xml version="1.0" encoding="UTF-8"?>
<beans xmlns="http://www.springframework.org/schema/beans"
	xmlns:xsi="http://www.w3.org/2001/XMLSchema-instance"
	xmlns:security="http://www.springframework.org/schema/security"
	xsi:schemaLocation="http://www.springframework.org/schema/security http://www.springframework.org/schema/security/spring-security-4.1.xsd
		http://www.springframework.org/schema/beans http://www.springframework.org/schema/beans/spring-beans.xsd">


	<security:authentication-manager>
		<security:authentication-provider>
			<security:user-service>
				<security:user name="hojin" authorities="ROLE_USER"
					password="dbgh1212" />
			</security:user-service>
		</security:authentication-provider>
	</security:authentication-manager>
	
	
	  <security:http auto-config="true" use-expressions="true">
		<security:intercept-url pattern="/home"
			access="isAuthenticated()" />
			<security:intercept-url pattern="/**" access="hasRole('ROLE_USER')" />
	</security:http> 
</beans>
